time,slug,signal,action,side,token_id,amount,price,order_id,status,pnl,balance,btc
2026-03-12T19:44:26.013037,btc-updown-5m-1773333600,NEUTRAL,FORCED,DOWN,10248141145717601741,1.0,0.915,0x00b26d32ce0a130dc1043d4d9cac19e28358da967b8bdd8e5a33e8cadc5f5af5,placed,,1.00,70374.85
2026-03-12T19:44:32.223287,btc-updown-5m-1773333600,NEUTRAL,FORCED,DOWN,10248141145717601741,1.0,0.925,0x215d738e7cecad47be4cbace9d049b124cafeba410a792dda40b64eb56a7e67b,placed,,2.00,70378.95
2026-03-12T19:44:43.290872,btc-updown-5m-1773333600,NEUTRAL,FORCED,DOWN,10248141145717601741,1.0,0.595,0xb858bce449c7e00619e09d2dc7967b4bbd49d8ec87e5b672472052349a61b3b1,placed,,3.00,70426.11
2026-03-12T19:49:31.417355,btc-updown-5m-1773333900,NEUTRAL,FORCED,UP,47367855045235844570,1.0,0.825,0x30acd1df6065f67cebb5fbdb26a1c2b13c42aa340b81f4e7ac99a5d44be4ddc1,placed,,1.00,70433.67
2026-03-12T19:49:36.404483,btc-updown-5m-1773333900,NEUTRAL,FORCED,UP,47367855045235844570,1.0,0.805,0x96823e0ccd2281f13f7f9d35f4c8b689f2fe19809058a4545a8c90d07d07a86e,placed,,2.00,70439.04
2026-03-12T19:49:49.036914,btc-updown-5m-1773333900,NEUTRAL,FORCED,UP,47367855045235844570,1.0,0.995,0xf97709b2499700f1c7ca21b92cd46551aac853fe1ced0816e887447a386b0e9d,placed,,3.00,70506.50
2026-03-12T19:50:01.762735,btc-updown-5m-1773333900,,SETTLE,UP,47367855045235844570,1.0,0.995,0x30acd1df6065f67cebb5fbdb26a1c2b13c42aa340b81f4e7ac99a5d44be4ddc1,settled,0.2061,3.00,
2026-03-12T19:50:01.839511,btc-updown-5m-1773333900,,SETTLE,UP,47367855045235844570,1.0,0.995,0x96823e0ccd2281f13f7f9d35f4c8b689f2fe19809058a4545a8c90d07d07a86e,settled,0.2360,3.00,
2026-03-12T19:50:01.921057,btc-updown-5m-1773333900,,SETTLE,UP,47367855045235844570,1.0,0.995,0xf97709b2499700f1c7ca21b92cd46551aac853fe1ced0816e887447a386b0e9d,settled,0.0000,3.00,
2026-03-12T19:54:21.124781,btc-updown-5m-1773334200,NEUTRAL,FORCED,DOWN,17993073104025009079,1.0,0.965,0xab3f2ccdb79120d832279be399087691dbb4b295e2a00a763069563a67bdb9dc,placed,,4.00,70437.96
2026-03-12T19:54:26.508122,btc-updown-5m-1773334200,NEUTRAL,FORCED,DOWN,17993073104025009079,1.0,0.955,0x13024e0ab3deb63a2ce82d69fc3a3e67da98e309db101e47e6c286a4221fc296,placed,,5.00,70448.35
2026-03-12T19:54:31.872580,btc-updown-5m-1773334200,NEUTRAL,FORCED,DOWN,17993073104025009079,1.0,0.945,0x64d67ae3a91663373229a3c1dced4905a0cf1a0bcf81401eb2efb1556dd92440,placed,,6.00,70448.84
2026-03-12T19:55:02.327381,btc-updown-5m-1773334200,,SETTLE,DOWN,17993073104025009079,1.0,0.9995,0xab3f2ccdb79120d832279be399087691dbb4b295e2a00a763069563a67bdb9dc,settled,0.0358,6.00,
2026-03-12T19:55:02.433406,btc-updown-5m-1773334200,,SETTLE,DOWN,17993073104025009079,1.0,0.9995,0x13024e0ab3deb63a2ce82d69fc3a3e67da98e309db101e47e6c286a4221fc296,settled,0.0466,6.00,
2026-03-12T19:55:02.525592,btc-updown-5m-1773334200,,SETTLE,DOWN,17993073104025009079,1.0,0.9995,0x64d67ae3a91663373229a3c1dced4905a0cf1a0bcf81401eb2efb1556dd92440,settled,0.0577,6.00,
2026-03-12T19:59:24.552155,btc-updown-5m-1773334500,NEUTRAL,FORCED,DOWN,46902440447455307001,1.0,0.985,0x6198d5c62b15c4d766b2d5300b1f7c9a056998ada40740e35269e537790f79b2,placed,,7.00,70379.13
2026-03-12T19:59:29.791254,btc-updown-5m-1773334500,BULLISH,FORCED,UP,64793469636475487349,1.0,0.015,0x605463ed9e0ed96a1632d4e2fc1ab4c0a3b3310ba8996bda0a225cbbba902f24,placed,,8.00,70377.86
2026-03-12T19:59:34.460536,btc-updown-5m-1773334500,BULLISH,SL,UP,64793469636475487349,1.0,0.015,,sl_hit,0.0000,8.00,70377.86
2026-03-12T19:59:34.930591,btc-updown-5m-1773334500,BULLISH,FORCED,UP,64793469636475487349,1.0,0.015,0x53b564422568032bcdeab3c69653c12bcc3fb9ca80a0c1ed9d50ae69d0de5b18,placed,,9.00,70377.86
2026-03-12T19:59:39.534293,btc-updown-5m-1773334500,BULLISH,SL,UP,64793469636475487349,1.0,0.005,,sl_hit,-0.6667,9.00,70377.86
2026-03-12T19:59:40.023723,btc-updown-5m-1773334500,BULLISH,FORCED,UP,64793469636475487349,1.0,0.005,0xe36b39683241b0f239b3624c4554aed58dcfb26d829491f005a1179b3153d5be,placed,,10.00,70377.86
2026-03-12T20:04:24.044726,btc-updown-5m-1773334800,NEUTRAL,FORCED,UP,12869941999815740653,1.0,0.995,0xbff7e1ef89f8e355d8dda3c7e0b93bd4354f65276698cef8fa0268bfca489f42,placed,,1.00,70503.98
2026-03-12T20:04:29.299537,btc-updown-5m-1773334800,NEUTRAL,FORCED,UP,12869941999815740653,1.0,0.975,0x2ae53e973265f67cf164615bffc86f304dcb5a21abd2224655915b3ad9767edf,placed,,2.00,70469.02
2026-03-12T20:04:35.353026,btc-updown-5m-1773334800,NEUTRAL,FORCED,UP,12869941999815740653,1.0,0.975,0x617b268491c5ccc3c921f006bd8727336cb5f5b8bdb659e3de36acbb27469190,placed,,3.00,70450.98
2026-03-12T20:05:03.567536,btc-updown-5m-1773334800,,SETTLE,UP,12869941999815740653,1.0,0.995,0xbff7e1ef89f8e355d8dda3c7e0b93bd4354f65276698cef8fa0268bfca489f42,settled,0.0000,3.00,
2026-03-12T20:05:03.673066,btc-updown-5m-1773334800,,SETTLE,UP,12869941999815740653,1.0,0.995,0x2ae53e973265f67cf164615bffc86f304dcb5a21abd2224655915b3ad9767edf,settled,0.0205,3.00,
2026-03-12T20:05:03.776539,btc-updown-5m-1773334800,,SETTLE,UP,12869941999815740653,1.0,0.995,0x617b268491c5ccc3c921f006bd8727336cb5f5b8bdb659e3de36acbb27469190,settled,0.0205,3.00,
2026-03-12T20:09:23.322497,btc-updown-5m-1773335100,NEUTRAL,FORCED,DOWN,16296211528424570378,1.0,0.965,0x284dc2985e3fd623d480d2b681110c30ae98089537b3b2e18c54114e5fa88588,placed,,4.00,70371.67
2026-03-12T20:09:28.769058,btc-updown-5m-1773335100,NEUTRAL,FORCED,DOWN,16296211528424570378,1.0,0.985,0xe5c0035d4c1206e6c4fb5861a708d6f0ff6cef38fcb6a4e939cf3fceb8b642fd,placed,,5.00,70363.11
2026-03-12T20:09:34.278131,btc-updown-5m-1773335100,NEUTRAL,FORCED,DOWN,16296211528424570378,1.0,0.985,0xc1824584e00a215d114a8b58082ee3ebcbcf34cd6c9b9b2397ffb78842ff18ba,placed,,6.00,70375.11
2026-03-12T20:10:03.218746,btc-updown-5m-1773335100,,SETTLE,DOWN,16296211528424570378,1.0,0.995,0x284dc2985e3fd623d480d2b681110c30ae98089537b3b2e18c54114e5fa88588,settled,0.0311,6.00,
2026-03-12T20:10:03.319912,btc-updown-5m-1773335100,,SETTLE,DOWN,16296211528424570378,1.0,0.995,0xe5c0035d4c1206e6c4fb5861a708d6f0ff6cef38fcb6a4e939cf3fceb8b642fd,settled,0.0102,6.00,
2026-03-12T20:10:03.426096,btc-updown-5m-1773335100,,SETTLE,DOWN,16296211528424570378,1.0,0.995,0xc1824584e00a215d114a8b58082ee3ebcbcf34cd6c9b9b2397ffb78842ff18ba,settled,0.0102,6.00,
2026-03-12T20:14:51.872565,btc-updown-5m-1773335400,NEUTRAL,FORCED,UP,31760614774068635271,1.0,0.975,0x9ebea97f86b12916a25cb9ac11d03b2cbdebf310b1e61b1901acd1a0d97c4464,placed,,1.00,70427.95
2026-03-12T20:15:02.141666,btc-updown-5m-1773335400,,SETTLE,UP,31760614774068635271,1.0,0.995,0x9ebea97f86b12916a25cb9ac11d03b2cbdebf310b1e61b1901acd1a0d97c4464,auto-settled,0.0205,1.00,
2026-03-12T20:34:26.405933,btc-updown-5m-1773336600,NEUTRAL,FORCED,UP,16725074036276000038,1.0,0.835,0xf3078ba7c3e18e0ab6b6bb2765d0159a802acb1d267a631074ad37400cc86ff3,placed,,2.00,70336.14
2026-03-12T20:34:33.684430,btc-updown-5m-1773336600,NEUTRAL,FORCED,UP,16725074036276000038,1.0,0.865,0x5fe721e6f22c5e87dbb984756b1f6c7693e04355bbcc90689fdb71db07765590,placed,,3.00,70336.14
2026-03-12T20:34:49.887195,btc-updown-5m-1773336600,NEUTRAL,SL,UP,16725074036276000038,1.0,0.285,,sl_hit,-0.6587,3.00,70293.64
2026-03-12T20:34:49.971115,btc-updown-5m-1773336600,NEUTRAL,SL,UP,16725074036276000038,1.0,0.305,,sl_hit,-0.6474,3.00,70293.64
2026-03-12T20:34:51.804751,btc-updown-5m-1773336600,NEUTRAL,FORCED,DOWN,46322475538294233763,1.0,0.695,0xa16aecd20c95c0a73b86b71298c167b0257f9f889152ccfebe5fbdff85cb03ab,placed,,4.00,70293.64
2026-03-12T20:34:57.441572,btc-updown-5m-1773336600,NEUTRAL,SL,DOWN,46322475538294233763,1.0,0.075,,sl_hit,-0.8921,4.00,70305.61
2026-03-12T20:39:25.770022,btc-updown-5m-1773336900,NEUTRAL,FORCED,UP,10155702867949247219,1.0,0.995,0xa6071ff36700e8a9557ac530e0c794bb4bc4a04873d462f307d2d3f66f66f3e1,placed,,5.00,70401.19
2026-03-12T20:40:02.161207,btc-updown-5m-1773336900,,SETTLE,UP,10155702867949247219,1.0,0.995,0xa6071ff36700e8a9557ac530e0c794bb4bc4a04873d462f307d2d3f66f66f3e1,auto-settled,0.0000,5.00,
2026-03-12T20:44:16.435346,btc-updown-5m-1773337200,NEUTRAL,FORCED,DOWN,22139349527214774772,1.0,0.845,0xce611f6a4a7b749ede4df78356a6c20a160ef48cd488dda1a43f45d7c3445a27,placed,,6.00,70350.94
2026-03-12T20:44:29.202938,btc-updown-5m-1773337200,NEUTRAL,FORCED,DOWN,22139349527214774772,1.0,0.595,0x7761a7d163b00058f08e6f4daf840b8f7e897e13f74eb394e28b4ba81916980d,placed,,7.00,70368.88
2026-03-12T20:44:35.164899,btc-updown-5m-1773337200,NEUTRAL,FORCED,DOWN,22139349527214774772,1.0,0.805,0x11147ad1f5c75e22ab8d7257a05be8efc1e56e3f7eb2f6eb07832655b5a0b6b2,placed,,8.00,70358.70
2026-03-12T20:45:00.809462,btc-updown-5m-1773337200,,SETTLE,DOWN,22139349527214774772,1.0,0.995,0xce611f6a4a7b749ede4df78356a6c20a160ef48cd488dda1a43f45d7c3445a27,auto-settled,0.1775,8.00,
2026-03-12T20:45:00.930385,btc-updown-5m-1773337200,,SETTLE,DOWN,22139349527214774772,1.0,0.995,0x7761a7d163b00058f08e6f4daf840b8f7e897e13f74eb394e28b4ba81916980d,auto-settled,0.6723,8.00,
2026-03-12T20:45:01.031743,btc-updown-5m-1773337200,,SETTLE,DOWN,22139349527214774772,1.0,0.995,0x11147ad1f5c75e22ab8d7257a05be8efc1e56e3f7eb2f6eb07832655b5a0b6b2,auto-settled,0.2360,8.00,
2026-03-12T20:49:18.596839,btc-updown-5m-1773337500,NEUTRAL,FORCED,DOWN,37130045192434564688,1.0,0.89,0xef4fac1984888dc698ce1dc11c810840b08539c396bf51027b174704e731e38a,placed,,9.00,70301.02
2026-03-12T20:49:25.625437,btc-updown-5m-1773337500,NEUTRAL,FORCED,DOWN,37130045192434564688,1.0,0.945,0x97db0661b4aaa9bc4cd280b7c24c7e6bb5a6ec17f9e3bdd5b038390e9f94772a,placed,,10.00,70305.96
2026-03-12T20:50:09.144343,btc-updown-5m-1773337500,,SETTLE,DOWN,37130045192434564688,1.0,0.995,0xef4fac1984888dc698ce1dc11c810840b08539c396bf51027b174704e731e38a,auto-settled,0.1180,10.00,
2026-03-12T20:50:09.425774,btc-updown-5m-1773337500,,SETTLE,DOWN,37130045192434564688,1.0,0.995,0x97db0661b4aaa9bc4cd280b7c24c7e6bb5a6ec17f9e3bdd5b038390e9f94772a,auto-settled,0.0529,10.00,
2026-03-12T20:59:17.815106,btc-updown-5m-1773338100,NEUTRAL,FORCED,DOWN,81223607903066931161,1.0,0.805,0x33afe098c9e38015db12bf1ade9afcbe998dd39791effe1b94d01cac9a3fe777,placed,,1.00,70231.95
2026-03-12T20:59:43.870156,btc-updown-5m-1773338100,NEUTRAL,FORCED,DOWN,81223607903066931161,1.0,0.97,0x4d302d693d0de96cacbb2917797b5ba9c4048dadb89aa859e7eb4d62467a175a,placed,,2.00,70198.49
2026-03-12T21:00:06.955433,btc-updown-5m-1773338100,,SETTLE,DOWN,81223607903066931161,1.0,0.995,0x33afe098c9e38015db12bf1ade9afcbe998dd39791effe1b94d01cac9a3fe777,auto-settled,0.2360,2.00,
2026-03-12T21:00:07.605491,btc-updown-5m-1773338100,,SETTLE,DOWN,81223607903066931161,1.0,0.995,0x4d302d693d0de96cacbb2917797b5ba9c4048dadb89aa859e7eb4d62467a175a,auto-settled,0.0258,2.00,
2026-03-12T21:04:23.434932,btc-updown-5m-1773338400,NEUTRAL,FORCED,DOWN,64285203405566414560,1.0,0.705,0xf64ee6f372616a464dbab4d352ad5d133a1bac0bca17c7ac45acfe06061c5d33,placed,,1.00,70175.31
2026-03-12T21:04:23.489022,btc-updown-5m-1773338400,NEUTRAL,FORCED,DOWN,64285203405566414560,1.0,0.705,0x4cf86455e747f8cab521b96277cc643e4b098db155185fe33343001720100e97,placed,,3.00,70175.31
2026-03-12T21:04:29.993855,btc-updown-5m-1773338400,NEUTRAL,FORCED,DOWN,64285203405566414560,1.0,0.805,0x410a77fd674d13d9b1b30f961927da02bdc5261c8063a7595d032e4f03bddffa,placed,,2.00,70175.35
2026-03-12T21:04:30.018808,btc-updown-5m-1773338400,NEUTRAL,FORCED,DOWN,64285203405566414560,1.0,0.805,0x2bcacf3575bb4461060fdfd9ecec16bede6ae38d4b59ced878624b45925f1bc7,placed,,4.00,70175.35
2026-03-12T21:04:36.828707,btc-updown-5m-1773338400,NEUTRAL,FORCED,DOWN,64285203405566414560,1.0,0.77,0x0079c8b9973754fc433156ce625706fd3af698f0b2fd82b4d831ac46f9d6cf1b,placed,,3.00,70194.99
2026-03-12T21:04:36.985785,btc-updown-5m-1773338400,NEUTRAL,FORCED,DOWN,64285203405566414560,1.0,0.77,0x7a57bc8cece6b95e451c5e08b8cde00846fdf64d997553f9b3461511bc6db319,placed,,5.00,70194.99
2026-03-12T21:05:05.206538,btc-updown-5m-1773338400,,SETTLE,DOWN,64285203405566414560,1.0,0.995,0xf64ee6f372616a464dbab4d352ad5d133a1bac0bca17c7ac45acfe06061c5d33,auto-settled,0.4113,3.00,
2026-03-12T21:05:05.293825,btc-updown-5m-1773338400,,SETTLE,DOWN,64285203405566414560,1.0,0.995,0x4cf86455e747f8cab521b96277cc643e4b098db155185fe33343001720100e97,auto-settled,0.4113,5.00,
2026-03-12T21:05:05.304513,btc-updown-5m-1773338400,,SETTLE,DOWN,64285203405566414560,1.0,0.995,0x410a77fd674d13d9b1b30f961927da02bdc5261c8063a7595d032e4f03bddffa,auto-settled,0.2360,3.00,
2026-03-12T21:05:05.412165,btc-updown-5m-1773338400,,SETTLE,DOWN,64285203405566414560,1.0,0.995,0x2bcacf3575bb4461060fdfd9ecec16bede6ae38d4b59ced878624b45925f1bc7,auto-settled,0.2360,5.00,
2026-03-12T21:05:05.413201,btc-updown-5m-1773338400,,SETTLE,DOWN,64285203405566414560,1.0,0.995,0x0079c8b9973754fc433156ce625706fd3af698f0b2fd82b4d831ac46f9d6cf1b,auto-settled,0.2922,3.00,
2026-03-12T21:05:05.528970,btc-updown-5m-1773338400,,SETTLE,DOWN,64285203405566414560,1.0,0.995,0x7a57bc8cece6b95e451c5e08b8cde00846fdf64d997553f9b3461511bc6db319,auto-settled,0.2922,5.00,
2026-03-12T21:09:18.557969,btc-updown-5m-1773338700,NEUTRAL,FORCED,UP,15564261317269373262,1.0,0.935,0x15c2683f2226234adb8f1b90d85ece2828cc8428095854ba96d8c35aa9cc2dbc,placed,,4.00,70208.73
2026-03-12T21:09:21.110171,btc-updown-5m-1773338700,NEUTRAL,FORCED,UP,15564261317269373262,1.0,0.915,0xe6bda2011d371b835508193444ed1401ec1233e9c4935140c9846b1fe42363de,placed,,6.00,70205.63
2026-03-12T21:09:25.520747,btc-updown-5m-1773338700,NEUTRAL,FORCED,UP,15564261317269373262,1.0,0.945,0x4762fddc9d544c2e244f7ec3aa75c5782e4f1e2543bf09303e2ae5c52cc350d9,placed,,5.00,70202.07
2026-03-12T21:09:32.594889,btc-updown-5m-1773338700,NEUTRAL,FORCED,UP,15564261317269373262,1.0,0.96,0x64cc4831a17c152681da582e215697667da7ba951c7bc99fde43b3a2d71392c3,placed,,6.00,70238.71
2026-03-12T21:10:01.574776,btc-updown-5m-1773338700,,SETTLE,UP,15564261317269373262,1.0,0.995,0x15c2683f2226234adb8f1b90d85ece2828cc8428095854ba96d8c35aa9cc2dbc,auto-settled,0.0642,6.00,
2026-03-12T21:10:01.674147,btc-updown-5m-1773338700,,SETTLE,UP,15564261317269373262,1.0,0.995,0x4762fddc9d544c2e244f7ec3aa75c5782e4f1e2543bf09303e2ae5c52cc350d9,auto-settled,0.0529,6.00,
2026-03-12T21:10:01.791031,btc-updown-5m-1773338700,,SETTLE,UP,15564261317269373262,1.0,0.995,0x64cc4831a17c152681da582e215697667da7ba951c7bc99fde43b3a2d71392c3,auto-settled,0.0365,6.00,
2026-03-12T21:10:02.123564,btc-updown-5m-1773338700,,SETTLE,UP,15564261317269373262,1.0,0.995,0xe6bda2011d371b835508193444ed1401ec1233e9c4935140c9846b1fe42363de,auto-settled,0.0874,6.00,
2026-03-12T21:14:16.679192,btc-updown-5m-1773339000,NEUTRAL,FORCED,DOWN,66653522103973232753,1.0,0.79,0x78c33f413f4c82a3d29fdd36cde7de64cfb5f11e0249c6d88f80b3929b9067a8,placed,,7.00,70215.85
2026-03-12T21:14:19.030480,btc-updown-5m-1773339000,NEUTRAL,FORCED,DOWN,66653522103973232753,1.0,0.795,0xb3dd739302904e6f8162276b56d19ab1c4e261c12f1cd9b3dc8ea3adf0119853,placed,,7.00,70215.86
2026-03-12T21:14:23.964491,btc-updown-5m-1773339000,NEUTRAL,FORCED,DOWN,66653522103973232753,1.0,0.795,0xe04d922d6dfb99daf231931a43daf9ba11b10d567b2fb8d83b60f6e2f8a87329,placed,,8.00,70208.01
2026-03-12T21:14:25.867722,btc-updown-5m-1773339000,NEUTRAL,FORCED,DOWN,66653522103973232753,1.0,0.875,0xa1f03d2f8abb3f6b4742d60d0e14bdddd2c45b4f1ec74303ce29719ff8b435c1,placed,,8.00,70208.00
2026-03-12T21:14:30.949969,btc-updown-5m-1773339000,NEUTRAL,FORCED,DOWN,66653522103973232753,1.0,0.89,0x0608b45dc15a14cc464eda69a522d0ca3d43cbbcb5d23e3aac7d805a234552bc,placed,,9.00,70197.96
2026-03-12T21:14:32.682561,btc-updown-5m-1773339000,NEUTRAL,FORCED,DOWN,66653522103973232753,1.0,0.915,0x1c8f0c4341b016a227543124f311167ec1c06a53d9f3717d44e209cef5e614f6,placed,,9.00,70201.02
2026-03-12T21:15:00.201870,btc-updown-5m-1773339000,,SETTLE,DOWN,66653522103973232753,1.0,0.995,0x78c33f413f4c82a3d29fdd36cde7de64cfb5f11e0249c6d88f80b3929b9067a8,auto-settled,0.2595,9.00,
2026-03-12T21:15:00.312236,btc-updown-5m-1773339000,,SETTLE,DOWN,66653522103973232753,1.0,0.995,0xe04d922d6dfb99daf231931a43daf9ba11b10d567b2fb8d83b60f6e2f8a87329,auto-settled,0.2516,9.00,
2026-03-12T21:15:00.420391,btc-updown-5m-1773339000,,SETTLE,DOWN,66653522103973232753,1.0,0.995,0x0608b45dc15a14cc464eda69a522d0ca3d43cbbcb5d23e3aac7d805a234552bc,auto-settled,0.1180,9.00,
2026-03-12T21:15:01.696748,btc-updown-5m-1773339000,,SETTLE,DOWN,66653522103973232753,1.0,0.995,0xb3dd739302904e6f8162276b56d19ab1c4e261c12f1cd9b3dc8ea3adf0119853,auto-settled,0.2516,9.00,
2026-03-12T21:15:01.798424,btc-updown-5m-1773339000,,SETTLE,DOWN,66653522103973232753,1.0,0.995,0xa1f03d2f8abb3f6b4742d60d0e14bdddd2c45b4f1ec74303ce29719ff8b435c1,auto-settled,0.1371,9.00,
2026-03-12T21:15:01.898008,btc-updown-5m-1773339000,,SETTLE,DOWN,66653522103973232753,1.0,0.995,0x1c8f0c4341b016a227543124f311167ec1c06a53d9f3717d44e209cef5e614f6,auto-settled,0.0874,9.00,
2026-03-12T21:19:19.700418,btc-updown-5m-1773339300,NEUTRAL,FORCED,DOWN,58603311683889063621,1.0,0.965,0xac7480b71a80f0b4a781500b77ac998d02145c42ef558b00a274d271a908dff8,placed,,1.00,70116.99
2026-03-12T21:19:31.529980,btc-updown-5m-1773339300,NEUTRAL,FORCED,DOWN,58603311683889063621,1.0,0.975,0xf10b458b79da8a9bf842a1918c401917e954f066688d96a4246df0af0c43b48e,placed,,2.00,70136.18
2026-03-12T21:19:37.534680,btc-updown-5m-1773339300,NEUTRAL,FORCED,DOWN,58603311683889063621,1.0,0.96,0x2509a22456eb87b5dbc5cc98c719231df7aaa63ce46a62d01dff9890d778db75,placed,,3.00,70139.17
2026-03-12T21:20:03.675656,btc-updown-5m-1773339300,,SETTLE,DOWN,58603311683889063621,1.0,0.995,0xac7480b71a80f0b4a781500b77ac998d02145c42ef558b00a274d271a908dff8,auto-settled,0.0311,3.00,
2026-03-12T21:20:03.797744,btc-updown-5m-1773339300,,SETTLE,DOWN,58603311683889063621,1.0,0.995,0xf10b458b79da8a9bf842a1918c401917e954f066688d96a4246df0af0c43b48e,auto-settled,0.0205,3.00,
2026-03-12T21:20:03.897768,btc-updown-5m-1773339300,,SETTLE,DOWN,58603311683889063621,1.0,0.995,0x2509a22456eb87b5dbc5cc98c719231df7aaa63ce46a62d01dff9890d778db75,auto-settled,0.0365,3.00,
2026-03-12T21:29:18.248946,btc-updown-5m-1773339900,NEUTRAL,FORCED,UP,54044533913636468230,1.0,0.705,0x980f8c5a495f830a8f16d33fbe8725200bc2b36b54b73570106e1b512b219ee3,placed,,4.00,70036.10
2026-03-12T21:29:43.601192,btc-updown-5m-1773339900,NEUTRAL,SL,UP,54044533913636468230,1.0,0.305,,sl_hit,-0.5674,4.00,70001.93
2026-03-12T21:29:44.157266,btc-updown-5m-1773339900,NEUTRAL,FORCED,DOWN,15188976339935492756,1.0,0.695,0x64c1157ce211a37fef3089d14246eb17f4cb3933ef6098ae2b09d23ce5ce74f7,placed,,5.00,70001.93
2026-03-12T21:29:50.700120,btc-updown-5m-1773339900,NEUTRAL,FORCED,DOWN,15188976339935492756,1.0,0.78,0x4e791ec6cedda9eaffed139ff697dfd2b31ffc2fb1356691fb5195973bfa6632,placed,,6.00,69995.57
2026-03-12T21:29:56.811698,btc-updown-5m-1773339900,NEUTRAL,SL,DOWN,15188976339935492756,1.0,0.13,,sl_hit,-0.8129,6.00,70019.71
2026-03-12T21:29:56.957592,btc-updown-5m-1773339900,NEUTRAL,SL,DOWN,15188976339935492756,1.0,0.115,,sl_hit,-0.8526,6.00,70019.71
2026-03-12T21:34:25.146886,btc-updown-5m-1773340200,NEUTRAL,FORCED,DOWN,10455222620039135496,1.0,0.945,0x3f5380425adfff45906009ce5d00b71ffabd321a2ae1df71b55208edad3bd0fa,placed,,7.00,69930.55
2026-03-12T21:34:30.789000,btc-updown-5m-1773340200,NEUTRAL,FORCED,DOWN,10455222620039135496,1.0,0.975,0xcbf5de5675cf263708092d8d02a3a38c135f85bb6d91161aaf3d140357614d39,placed,,8.00,69935.46
2026-03-12T21:35:00.651656,btc-updown-5m-1773340200,,SETTLE,DOWN,10455222620039135496,1.0,0.995,0x3f5380425adfff45906009ce5d00b71ffabd321a2ae1df71b55208edad3bd0fa,auto-settled,0.0529,8.00,
2026-03-12T21:35:00.741096,btc-updown-5m-1773340200,,SETTLE,DOWN,10455222620039135496,1.0,0.995,0xcbf5de5675cf263708092d8d02a3a38c135f85bb6d91161aaf3d140357614d39,auto-settled,0.0205,8.00,
2026-03-12T21:39:30.675557,btc-updown-5m-1773340500,NEUTRAL,FORCED,UP,42659890832636290931,1.0,0.985,0x266c5ed664f7f1f1d9548e8ce1e0b5c2a82a8c877bd7fb372bd4777b774f8fe7,placed,,1.00,70018.50
2026-03-12T21:40:03.693978,btc-updown-5m-1773340500,,SETTLE,UP,42659890832636290931,1.0,0.9995,0x266c5ed664f7f1f1d9548e8ce1e0b5c2a82a8c877bd7fb372bd4777b774f8fe7,auto-settled,0.0147,1.00,
2026-03-12T21:44:18.423954,btc-updown-5m-1773340800,NEUTRAL,FORCED,DOWN,11522101219077144832,1.0,0.905,0xa82996ed0bd9061eab997e3be413764acb68cacf6316870707baf74c7892c7f3,placed,,2.00,69958.27
2026-03-12T21:44:25.027530,btc-updown-5m-1773340800,NEUTRAL,FORCED,DOWN,11522101219077144832,1.0,0.905,0xd05c17fa894d7bae1dae314014fee5d9036d85ab090d0654a33614a6a761e9e7,placed,,3.00,69965.99
2026-03-12T21:44:31.974071,btc-updown-5m-1773340800,NEUTRAL,FORCED,DOWN,11522101219077144832,1.0,0.945,0x120f59122c99d60302295dbe8fc9d95ca23ebd36b5fd492a5b8ed1821dc3931f,placed,,4.00,69962.23
2026-03-12T21:45:08.478632,btc-updown-5m-1773340800,,SETTLE,DOWN,11522101219077144832,1.0,0.995,0xa82996ed0bd9061eab997e3be413764acb68cacf6316870707baf74c7892c7f3,auto-settled,0.0994,4.00,
2026-03-12T21:45:08.603078,btc-updown-5m-1773340800,,SETTLE,DOWN,11522101219077144832,1.0,0.995,0xd05c17fa894d7bae1dae314014fee5d9036d85ab090d0654a33614a6a761e9e7,auto-settled,0.0994,4.00,
2026-03-12T21:45:08.720995,btc-updown-5m-1773340800,,SETTLE,DOWN,11522101219077144832,1.0,0.995,0x120f59122c99d60302295dbe8fc9d95ca23ebd36b5fd492a5b8ed1821dc3931f,auto-settled,0.0529,4.00,
2026-03-12T21:49:18.406898,btc-updown-5m-1773341100,NEUTRAL,FORCED,DOWN,58533425322626391937,1.0,0.975,0xe9c7f347c4edc343f0865d817369bf9b6f93b811793b3cad9fc136f0afcd62c6,placed,,5.00,69806.84
2026-03-12T21:50:03.389053,btc-updown-5m-1773341100,,SETTLE,DOWN,58533425322626391937,1.0,0.995,0xe9c7f347c4edc343f0865d817369bf9b6f93b811793b3cad9fc136f0afcd62c6,auto-settled,0.0205,5.00,
2026-03-12T21:54:27.591857,btc-updown-5m-1773341400,NEUTRAL,FORCED,UP,44091599861373076350,1.0,0.975,0x42ac991e95c5507f42c64d1dea82463ba02711f6f1c788ed8b7c956f8df1b556,placed,,6.00,69912.51
2026-03-12T21:54:34.588173,btc-updown-5m-1773341400,NEUTRAL,FORCED,UP,44091599861373076350,1.0,0.985,0xef10013b351a170b5c09653300f81115cf7243688064f4038b282c44564f11ad,placed,,7.00,69916.77
2026-03-12T21:55:03.779880,btc-updown-5m-1773341400,,SETTLE,UP,44091599861373076350,1.0,0.995,0x42ac991e95c5507f42c64d1dea82463ba02711f6f1c788ed8b7c956f8df1b556,auto-settled,0.0205,7.00,
2026-03-12T21:55:03.895847,btc-updown-5m-1773341400,,SETTLE,UP,44091599861373076350,1.0,0.995,0xef10013b351a170b5c09653300f81115cf7243688064f4038b282c44564f11ad,auto-settled,0.0102,7.00,
2026-03-12T21:59:20.157843,btc-updown-5m-1773341700,NEUTRAL,FORCED,DOWN,95084011061800886730,1.0,0.985,0xb763c92faa3a74358400a0c2a069358e93f75707d2e179e5c1914093ba631b4f,placed,,8.00,69826.37
2026-03-12T22:00:03.441060,btc-updown-5m-1773341700,,SETTLE,DOWN,95084011061800886730,1.0,0.995,0xb763c92faa3a74358400a0c2a069358e93f75707d2e179e5c1914093ba631b4f,auto-settled,0.0102,8.00,
2026-03-12T22:04:20.205249,btc-updown-5m-1773342000,NEUTRAL,FORCED,UP,37197837008685107099,1.0,0.965,0x1181006cf094274a91ef22bd0f11aa17da5884f03eb05505dfc502f325b68b51,placed,,1.00,69883.50
2026-03-12T22:04:27.579412,btc-updown-5m-1773342000,NEUTRAL,FORCED,UP,37197837008685107099,1.0,0.975,0x78a09c7468e4ceb040cb2ab71e7ed5d91e5ada7717284ad8beb00f5e52ef4809,placed,,2.00,69894.03
2026-03-12T22:04:34.629001,btc-updown-5m-1773342000,NEUTRAL,FORCED,UP,37197837008685107099,1.0,0.985,0x7eb8648aec6328606e5123c946ac3822013c82f5f598b678f9817073df55b0ff,placed,,3.00,69901.81
2026-03-12T22:05:04.925854,btc-updown-5m-1773342000,,SETTLE,UP,37197837008685107099,1.0,0.995,0x1181006cf094274a91ef22bd0f11aa17da5884f03eb05505dfc502f325b68b51,auto-settled,0.0311,3.00,
2026-03-12T22:05:05.038607,btc-updown-5m-1773342000,,SETTLE,UP,37197837008685107099,1.0,0.995,0x78a09c7468e4ceb040cb2ab71e7ed5d91e5ada7717284ad8beb00f5e52ef4809,auto-settled,0.0205,3.00,
2026-03-12T22:05:05.139897,btc-updown-5m-1773342000,,SETTLE,UP,37197837008685107099,1.0,0.995,0x7eb8648aec6328606e5123c946ac3822013c82f5f598b678f9817073df55b0ff,auto-settled,0.0102,3.00,
2026-03-12T22:09:30.029898,btc-updown-5m-1773342300,BEARISH,FORCED,DOWN,11006408121987143793,1.0,0.095,0x99e5e9a6176160500d357047a02af60b5aa76607489ac471241a36cd445d042f,placed,,1.00,69928.12
2026-03-12T22:09:37.323973,btc-updown-5m-1773342300,BEARISH,SL_SELL,DOWN,11006408121987143793,1.0,0.085,failed,sell_failed,-0.1053,1.00,69924.18
2026-03-12T22:09:37.872658,btc-updown-5m-1773342300,BEARISH,FORCED,DOWN,11006408121987143793,1.0,0.125,0x5142b94d4acf5ff4ec781bbc1a3304310292919b1796dd16e5fe2b821de35bd0,placed,,2.00,69924.18
2026-03-12T22:09:44.945215,btc-updown-5m-1773342300,BEARISH,SL_SELL,DOWN,11006408121987143793,1.0,0.025,0xf73322585389a051a4e8c05d4b5e6e79c0b8c374feb77ab63a853b7713def884,sold,-0.8000,2.00,69924.18
2026-03-12T22:09:45.562985,btc-updown-5m-1773342300,BEARISH,FORCED,DOWN,11006408121987143793,1.0,0.045,0x12305a75b153ea5feaa0cbdcc7f8a831f7306dfcb69d83b90366c9f2c6a0afab,placed,,3.00,69924.18
2026-03-12T22:09:52.576038,btc-updown-5m-1773342300,BEARISH,SL_SELL,DOWN,11006408121987143793,1.0,0.015,0xc9a98a09b196acf1f1312102e3e013c55c399981bcc8f7b824e10eefbb44e2aa,sold,-0.6667,3.00,69924.19
2026-03-12T22:09:53.174799,btc-updown-5m-1773342300,BEARISH,FORCED,DOWN,11006408121987143793,1.0,0.025,0x06480b7de87d9566e3ee2bcc4ecf5c2f7c1d2b1ff1c6cdbe8db4444bbabcec01,placed,,4.00,69924.19
2026-03-12T22:10:00.000249,btc-updown-5m-1773342300,NEUTRAL,SL_SELL,DOWN,11006408121987143793,1.0,0.005,0xcab9b891e438ccc02cf8c644c366812eb1a2cc4995fca5ae045503c927e63ad5,sold,-0.8000,4.00,69918.44
2026-03-12T22:14:33.900639,btc-updown-5m-1773342600,NEUTRAL,FORCED,DOWN,70178017917147168885,1.0,0.565,0x1549d56a27819267157b77ad5ba4471435cda67de97250b1d0763cd91870ddd0,placed,,5.00,69912.98
2026-03-12T22:14:41.422492,btc-updown-5m-1773342600,NEUTRAL,FORCED,DOWN,70178017917147168885,1.0,0.535,0x43b7532e0628bd3ac0ce213f4cd7a25030bc89de2f89338705f4787913170002,placed,,6.00,69917.35
2026-03-12T22:14:52.591061,btc-updown-5m-1773342600,NEUTRAL,SL_SELL,DOWN,70178017917147168885,1.0,0.09,failed,sell_failed,-0.8407,6.00,69938.97
2026-03-12T22:14:56.708840,btc-updown-5m-1773342600,NEUTRAL,SL_SELL,DOWN,70178017917147168885,1.0,0.14,0x0115ebea06608a9af8e3df015e22608b8462eb192b1c071b59fa4597ee746a4a,sold,-0.7383,6.00,69938.97
2026-03-13T16:39:25.464232,btc-updown-5m-1773408900,FORCED,DOWN,1270081088025503245527730,2.0,2.13,0.94,0x8fccd102a17bf4c3286695225920d76b21da79d0996abcc15bb1e6a27a99e56a,placed,,72972.71
2026-03-13T16:39:31.888324,btc-updown-5m-1773408900,FORCED,DOWN,1270081088025503245527730,2.0,2.12,0.945,0x02753bc31cd65e32ce23f738d385d41a6952cd98ccfbef1abbc8f46a247615d8,placed,,72989.89
2026-03-13T16:39:43.651080,btc-updown-5m-1773408900,FORCED,DOWN,1270081088025503245527730,2.0,2.03,0.985,0xa482afb6415520ff39bb8e6f7ec7f1ddcfe86365b707b8533a0514a914f1e9f6,placed,,72982.34
2026-03-13T16:39:55.089555,btc-updown-5m-1773408900,AUTO_EXIT,DOWN,1270081088025503245527730,2.0,2.13,0.995,0x9a589d70832f3095b8f719263df76bc9ecc7b1ce2bde721b0d9b798c77074d1f,sold,0.1172,72965.50
2026-03-13T16:39:55.629540,btc-updown-5m-1773408900,AUTO_EXIT,DOWN,1270081088025503245527730,2.0,2.12,0.995,no_fill,settle_wait,0.1060,72965.50
2026-03-13T16:39:56.194655,btc-updown-5m-1773408900,AUTO_EXIT,DOWN,1270081088025503245527730,2.0,2.03,0.995,no_fill,settle_wait,0.0203,72965.50
2026-03-13T16:54:21.370992,btc-updown-5m-1773409800,FORCED,UP,7300945223982145986274042,2.0,2.09,0.955,0x78e2f1b241a1b306b469b814fa428edc3b420fc941672681789b16b8de470418,placed,,73434.73
2026-03-13T16:54:27.474358,btc-updown-5m-1773409800,FORCED,UP,7300945223982145986274042,2.0,2.05,0.975,0x5cac12530ca1d4a39764b3f099cefd8bb5e6d9bd51e3e8181eaabe768d53a2a2,placed,,73426.46
2026-03-13T16:54:34.147704,btc-updown-5m-1773409800,FORCED,UP,7300945223982145986274042,2.0,2.03,0.985,0x9bc4419e92ce070908ea2ad04150d7734e61d220a9ad171c3b162a90452237a3,placed,,73431.11
2026-03-13T16:54:51.279023,btc-updown-5m-1773409800,AUTO_EXIT,UP,7300945223982145986274042,2.0,2.09,0.995,0x847031a03d37bb80bd10669181c50297c2897459bffd2e2c6089e2f51ea233ff,sold,0.0836,73453.45
2026-03-13T16:54:51.900828,btc-updown-5m-1773409800,AUTO_EXIT,UP,7300945223982145986274042,2.0,2.05,0.995,no_fill,settle_wait,0.0410,73453.45
2026-03-13T16:54:52.523879,btc-updown-5m-1773409800,AUTO_EXIT,UP,7300945223982145986274042,2.0,2.03,0.995,no_fill,settle_wait,0.0203,73453.45
2026-03-13T16:59:20.711834,btc-updown-5m-1773410100,FORCED,DOWN,3477504466557115165288074,2.0,2.38,0.84,0x29607c99719652beda8dc08d37e088f37ac7563344ce49931bd7189f0192b220,placed,,73416.00
2026-03-13T16:59:26.537552,btc-updown-5m-1773410100,FORCED,DOWN,3477504466557115165288074,2.0,2.34,0.855,0x7adb5c8af316938c3702db119f5cedaf9d66084be18984122d6b0d0a4222be07,placed,,73398.58
2026-03-13T16:59:38.826448,btc-updown-5m-1773410100,FORCED,DOWN,3477504466557115165288074,2.0,2.08,0.96,0xfdd2c160d7913a2b2731e2dd2658116ca97c23f6328705377efadb962f4258c2,placed,,73383.70
2026-03-13T16:59:56.067841,btc-updown-5m-1773410100,AUTO_EXIT,DOWN,3477504466557115165288074,2.0,2.38,0.995,0x0173f37a78f6e0827df35d71554351fc3f26761fcf35ff297e657118adde7a1a,sold,0.3689,73391.19
2026-03-13T16:59:56.654990,btc-updown-5m-1773410100,AUTO_EXIT,DOWN,3477504466557115165288074,2.0,2.34,0.995,no_fill,settle_wait,0.3276,73391.19
2026-03-13T16:59:57.274500,btc-updown-5m-1773410100,AUTO_EXIT,DOWN,3477504466557115165288074,2.0,2.08,0.995,no_fill,settle_wait,0.0728,73391.19
2026-03-13T17:04:25.378551,btc-updown-5m-1773410400,FORCED,DOWN,5320332905359571948477729,4.0,4.37,0.915,0x84841276337aa4b33e6cc946e26e866b3b4453dd1c6c90462a230c8343a2ac33,placed,,73320.32
2026-03-13T17:04:37.370224,btc-updown-5m-1773410400,FORCED,DOWN,5320332905359571948477729,4.0,4.68,0.855,0x79b455dc04bbaee5ced73d5b3161caf6046f1f4b92fb433fd9946037512d9f1b,placed,,73338.45
2026-03-13T17:04:43.333077,btc-updown-5m-1773410400,FORCED,DOWN,5320332905359571948477729,4.0,5.37,0.745,0x35d48287888a8d43ba27cb200d049fdd7786590602b3b41be7a8996ff3ceec04,placed,,73387.10
2026-03-13T17:04:54.583717,btc-updown-5m-1773410400,AUTO_EXIT,DOWN,5320332905359571948477729,4.0,4.37,0.915,0x65254d29bbc0c1bb655c018eaf77a42b2eac1673ec787d5de7736ba473349d50,sold,0.0000,73362.44
2026-03-13T17:04:55.255583,btc-updown-5m-1773410400,AUTO_EXIT,DOWN,5320332905359571948477729,4.0,4.68,0.935,0x20b8fc0bef3e5cc35b7db1bc3ed974d4ff16fab01fe5255630184d5dd42bb3e8,sold,0.3744,73362.44
2026-03-13T17:04:55.911317,btc-updown-5m-1773410400,AUTO_EXIT,DOWN,5320332905359571948477729,4.0,5.37,0.995,0x0428f24040e035c9305cd230b5d39264d56f044175b0a7c6eefcc6fd5f8ca544,sold,1.3425,73362.44
2026-03-13T17:09:19.385007,btc-updown-5m-1773410700,FORCED,UP,4718524210658155306681136,4.0,6.2,0.645,0xa62612b63964d8f3580ecc673903119c2790a6031e7031a7a47687c23a6e4fd0,placed,,73395.84
2026-03-13T17:09:48.420403,btc-updown-5m-1773410700,FORCED,UP,4718524210658155306681136,4.0,6.67,0.6,0x86b303818bcf658e38ca7aa7298a46cebe48e436fb6a7cfbad2a180b38c7903a,placed,,73374.95
2026-03-13T17:09:54.275526,btc-updown-5m-1773410700,AUTO_EXIT,UP,4718524210658155306681136,4.0,6.2,0.885,0x1c2cb455c72410aacfe2605cbc32b6d282895314b717f0a682d583339e6c7339,sold,1.4880,73383.07
2026-03-13T17:09:54.888098,btc-updown-5m-1773410700,AUTO_EXIT,UP,4718524210658155306681136,4.0,6.67,0.93,no_fill,settle_wait,2.2011,73383.07
2026-03-13T17:14:23.369053,btc-updown-5m-1773411000,FORCED,UP,1163189008034300831117598,4.0,4.02,0.995,0x9c1e9bf61419e3ca52cd9be6b0e539194e1a60e24596715ef3218f5eb5e8bd2a,placed,,73542.35
2026-03-13T17:14:56.851800,btc-updown-5m-1773411000,AUTO_EXIT,UP,1163189008034300831117598,4.0,4.02,0.995,no_fill,settle_wait,0.0000,73501.35
2026-03-13T17:19:18.624719,btc-updown-5m-1773411300,FORCED,DOWN,7825558346289072950086544,4.0,4.57,0.875,0x9f404777acf5f1d4e746dc3fd2b7d8dc9889508184dfa4aad534ef69d66a4fde,placed,,73439.12
2026-03-13T17:19:29.514143,btc-updown-5m-1773411300,FORCED,DOWN,7825558346289072950086544,4.0,5.76,0.695,0x05db9eaca02ae4a27a1be111926fac7c551c23100257c17a75d6d695b8f6e043,placed,,73502.28
2026-03-13T17:19:34.843721,btc-updown-5m-1773411300,SL_SELL,DOWN,7825558346289072950086544,4.0,4.57,0.33,0x76b12af8121a2bf0458a989b8bb121f046943313274e7957f75a7e0bff5ffd51,sold,-2.4907,73531.60
2026-03-13T17:19:35.351511,btc-updown-5m-1773411300,SL_SELL,DOWN,7825558346289072950086544,4.0,5.76,0.32,0x2470ec96e097f6fe0a7b81d6cc91d95bb408224b5b8468948c01ff290760dc88,sold,-2.1600,73531.60
2026-03-13T17:19:35.880247,btc-updown-5m-1773411300,FORCED,DOWN,7825558346289072950086544,4.0,7.77,0.515,0xbf2b3821a69c8ab136e3b9a5c98da8c619a444c98831db4e3fd3f062c1542088,placed,,73531.60
2026-03-13T17:19:41.648215,btc-updown-5m-1773411300,SL_SELL,DOWN,7825558346289072950086544,4.0,7.77,0.235,0xc5110f8af1af9651e8416a19b50dc00fca6ce9d4f9db19e646b58b59673dbc83,sold,-2.1756,73531.60
2026-03-13T17:19:42.604062,btc-updown-5m-1773411300,FORCED,UP,2157439680094706937918591,4.0,5.48,0.73,0x7cbd73c86de1e5a019c5acdbfa6a1f30b3dc6b688fb5a73f3921c87823286c85,placed,,73531.60
2026-03-13T17:19:54.515436,btc-updown-5m-1773411300,AUTO_EXIT,UP,2157439680094706937918591,4.0,5.48,0.99,0x0b098d3060f77921c62fcdf9c4f3bcf48fc8d22107f135a1c37ce97ef6de16d0,sold,1.4248,73538.55
2026-03-13T17:29:46.509728,btc-updown-5m-1773411900,FORCED,DOWN,8413635413699347152206952,4.0,4.37,0.915,0x1295dc3dbb1e346b903f331d10a355d2c7f77c4b7f6d59279695b0d60ee3e8da,placed,,73774.79
2026-03-13T17:30:04.866602,btc-updown-5m-1773411900,SETTLE_UNCLAIMED,DOWN,8413635413699347152206952,4.0,4.37,0.995,0x1295dc3dbb1e346b903f331d10a355d2c7f77c4b7f6d59279695b0d60ee3e8da,needs_claim,0.3496,
2026-03-13T17:34:16.074847,btc-updown-5m-1773412200,FORCED,UP,3531909977509860405122939,4.0,6.06,0.66,0x505ab2592abf029ae9ddcd1ae3402dac52f4f296eb5250c4831099dfb4c5707d,placed,,73748.40
2026-03-13T17:34:22.317158,btc-updown-5m-1773412200,FORCED,UP,3531909977509860405122939,4.0,6.56,0.61,0xa1ae24192a33bf09c59d95cca09a848d5bba1d5aa1956fe8d89a2bd9a6543757,placed,,73741.88
2026-03-13T17:34:41.627996,btc-updown-5m-1773412200,FORCED,UP,3531909977509860405122939,4.0,7.21,0.555,0xed86f24c5a9e057c123e9f5052be66881391c29994b3c01ae0bbe45dec309478,placed,,73750.00
2026-03-13T17:35:02.272868,btc-updown-5m-1773412200,SETTLE_UNCLAIMED,UP,3531909977509860405122939,4.0,6.06,0.995,0x505ab2592abf029ae9ddcd1ae3402dac52f4f296eb5250c4831099dfb4c5707d,needs_claim,2.0301,
2026-03-13T17:35:02.405380,btc-updown-5m-1773412200,SETTLE_UNCLAIMED,UP,3531909977509860405122939,4.0,6.56,0.995,0xa1ae24192a33bf09c59d95cca09a848d5bba1d5aa1956fe8d89a2bd9a6543757,needs_claim,2.5256,
2026-03-13T17:35:02.564619,btc-updown-5m-1773412200,SETTLE_UNCLAIMED,UP,3531909977509860405122939,4.0,7.21,0.995,0xed86f24c5a9e057c123e9f5052be66881391c29994b3c01ae0bbe45dec309478,needs_claim,3.1724,
